Residue_Number,Residue_Name,Window,Hydropathy_Cutoff,Minimum_Blob_Length,blob_length,Normalized_Mean_Blob_Hydropathy,Min_Blob_Hydropathy,Blob_Type,Blob_Index_Number,Blob_Das-Pappu_Class,Blob_NCPR,Fraction_of_Positively_Charged_Residues,Fraction_of_Negatively_Charged_Residues,Fraction_of_Charged_Residues,Uversky_Diagram_Score,dSNP_enrichment,Blob_Disorder,Normalized_hydropathy,Smoothed_Hydropathy
1,A,3,0.4,4,23,0.3748792270531401,0.022222222222222227,p,p1,2,0.0,0.17391304347826086,0.17391304347826086,0.34782608695652173,0.03587801780841606,0,0.0,0.7,0.7555555555555555
2,F,3,0.4,4,23,0.3748792270531401,0.022222222222222227,p,p1,2,0.0,0.17391304347826086,0.17391304347826086,0.34782608695652173,0.03587801780841606,0,0.0,0.8111111111111111,0.5037037037037037
3,R,3,0.4,4,23,0.3748792270531401,0.022222222222222227,p,p1,2,0.0,0.17391304347826086,0.17391304347826086,0.34782608695652173,0.03587801780841606,0,0.0,0.0,0.37777777777777777
4,P,3,0.4,4,23,0.3748792270531401,0.022222222222222227,p,p1,2,0.0,0.17391304347826086,0.17391304347826086,0.34782608695652173,0.03587801780841606,0,0.0,0.3222222222222222,0.25925925925925924
5,G,3,0.4,4,23,0.3748792270531401,0.022222222222222227,p,p1,2,0.0,0.17391304347826086,0.17391304347826086,0.34782608695652173,0.03587801780841606,0,0.0,0.4555555555555555,0.4925925925925925
6,A,3,0.4,4,23,0.3748792270531401,0.022222222222222227,p,p1,2,0.0,0.17391304347826086,0.17391304347826086,0.34782608695652173,0.03587801780841606,0,0.0,0.7,0.537037037037037
7,G,3,0.4,4,23,0.3748792270531401,0.022222222222222227,p,p1,2,0.0,0.17391304347826086,0.17391304347826086,0.34782608695652173,0.03587801780841606,0,0.0,0.4555555555555555,0.4222222222222222
8,Q,3,0.4,4,23,0.3748792270531401,0.022222222222222227,p,p1,2,0.0,0.17391304347826086,0.17391304347826086,0.34782608695652173,0.03587801780841606,0,0.0,0.1111111111111111,0.2962962962962963
9,P,3,0.4,4,23,0.3748792270531401,0.022222222222222227,p,p1,2,0.0,0.17391304347826086,0.17391304347826086,0.34782608695652173,0.03587801780841606,0,0.0,0.3222222222222222,0.2518518518518518
10,P,3,0.4,4,23,0.3748792270531401,0.022222222222222227,p,p1,2,0.0,0.17391304347826086,0.17391304347826086,0.34782608695652173,0.03587801780841606,0,0.0,0.3222222222222222,0.2148148148148148
11,R,3,0.4,4,23,0.3748792270531401,0.022222222222222227,p,p1,2,0.0,0.17391304347826086,0.17391304347826086,0.34782608695652173,0.03587801780841606,0,0.0,0.0,0.1074074074074074
12,R,3,0.4,4,23,0.3748792270531401,0.022222222222222227,p,p1,2,0.0,0.17391304347826086,0.17391304347826086,0.34782608695652173,0.03587801780841606,0,0.0,0.0,0.022222222222222227
13,K,3,0.4,4,23,0.3748792270531401,0.022222222222222227,p,p1,2,0.0,0.17391304347826086,0.17391304347826086,0.34782608695652173,0.03587801780841606,0,0.0,0.06666666666666668,0.05925925925925926
14,E,3,0.4,4,23,0.3748792270531401,0.022222222222222227,p,p1,2,0.0,0.17391304347826086,0.17391304347826086,0.34782608695652173,0.03587801780841606,0,0.0,0.1111111111111111,0.31851851851851853
15,C,3,0.4,4,23,0.3748792270531401,0.022222222222222227,p,p1,2,0.0,0.17391304347826086,0.17391304347826086,0.34782608695652173,0.03587801780841606,0,0.0,0.7777777777777778,0.43703703703703706
16,T,3,0.4,4,23,0.3748792270531401,0.022222222222222227,p,p1,2,0.0,0.17391304347826086,0.17391304347826086,0.34782608695652173,0.03587801780841606,0,0.0,0.4222222222222222,0.5074074074074074
17,P,3,0.4,4,23,0.3748792270531401,0.022222222222222227,p,p1,2,0.0,0.17391304347826086,0.17391304347826086,0.34782608695652173,0.03587801780841606,0,0.0,0.3222222222222222,0.28518518518518515
18,E,3,0.4,4,23,0.3748792270531401,0.022222222222222227,p,p1,2,0.0,0.17391304347826086,0.17391304347826086,0.34782608695652173,0.03587801780841606,0,0.0,0.1111111111111111,0.4666666666666666
19,V,3,0.4,4,23,0.3748792270531401,0.022222222222222227,p,p1,2,0.0,0.17391304347826086,0.17391304347826086,0.34782608695652173,0.03587801780841606,0,0.0,0.9666666666666666,0.3962962962962963
20,E,3,0.4,4,23,0.3748792270531401,0.022222222222222227,p,p1,2,0.0,0.17391304347826086,0.17391304347826086,0.34782608695652173,0.03587801780841606,0,0.0,0.1111111111111111,0.3962962962962962
21,E,3,0.4,4,23,0.3748792270531401,0.022222222222222227,p,p1,2,0.0,0.17391304347826086,0.17391304347826086,0.34782608695652173,0.03587801780841606,0,0.0,0.1111111111111111,0.2259259259259259
22,G,3,0.4,4,23,0.3748792270531401,0.022222222222222227,p,p1,2,0.0,0.17391304347826086,0.17391304347826086,0.34782608695652173,0.03587801780841606,0,0.0,0.4555555555555555,0.5111111111111111
23,V,3,0.4,4,23,0.3748792270531401,0.022222222222222227,p,p1,2,0.0,0.17391304347826086,0.17391304347826086,0.34782608695652173,0.03587801780841606,0,0.0,0.9666666666666666,0.711111111111111
