Residue_Number,Residue_Name,Window,Hydropathy_Cutoff,Minimum_Blob_Length,blob_length,Normalized_Mean_Blob_Hydropathy,Blob_Type,Blob_Index_Number,Blob_Das-Pappu_Class,Blob_NCPR,Fraction_of_Positively_Charged_Residues,Fraction_of_Negatively_Charged_Residues,Fraction_of_Charged_Residues,Uversky_Diagram_Score,dSNP_enrichment,Blob_Disorder,Normalized_Kyte-Doolittle_hydropathy,Kyte-Doolittle_hydropathy
1,R,3,0.4,4,4,0.29722222222222217,p,p1,2,0.25,0.25,0.0,0.25,0.19345161498640628,0,0.0,0.0,-4.5
2,N,3,0.4,4,4,0.29722222222222217,p,p1,2,0.25,0.25,0.0,0.25,0.19345161498640628,0,0.0,0.1111111111111111,-3.5
3,Q,3,0.4,4,4,0.29722222222222217,p,p1,2,0.25,0.25,0.0,0.25,0.19345161498640628,0,0.0,0.1111111111111111,-3.5
4,V,3,0.4,4,4,0.29722222222222217,p,p1,2,0.25,0.25,0.0,0.25,0.19345161498640628,0,0.0,0.9666666666666666,4.199999999999999
5,S,3,0.4,4,4,0.4861111111111111,h,h1,2,-0.25,0.0,0.25,0.25,0.01567560480910699,0,0.0,0.41111111111111115,-0.7999999999999998
6,V,3,0.4,4,4,0.4861111111111111,h,h1,2,-0.25,0.0,0.25,0.25,0.01567560480910699,0,0.0,0.9666666666666666,4.199999999999999
7,G,3,0.4,4,4,0.4861111111111111,h,h1,2,-0.25,0.0,0.25,0.25,0.01567560480910699,0,0.0,0.4555555555555555,-0.40000000000000036
8,E,3,0.4,4,4,0.4861111111111111,h,h1,2,-0.25,0.0,0.25,0.25,0.01567560480910699,0,0.0,0.1111111111111111,-3.5
9,P,3,0.4,4,5,0.3244444444444444,p,p2,1,-0.2,0.0,0.2,0.2,0.15093387906413136,0,0.0,0.3222222222222222,-1.6000000000000005
10,P,3,0.4,4,5,0.3244444444444444,p,p2,1,-0.2,0.0,0.2,0.2,0.15093387906413136,0,0.0,0.3222222222222222,-1.6000000000000005
11,E,3,0.4,4,5,0.3244444444444444,p,p2,1,-0.2,0.0,0.2,0.2,0.15093387906413136,0,0.0,0.1111111111111111,-3.5
12,G,3,0.4,4,5,0.3244444444444444,p,p2,1,-0.2,0.0,0.2,0.2,0.15093387906413136,0,0.0,0.4555555555555555,-0.40000000000000036
13,S,3,0.4,4,5,0.3244444444444444,p,p2,1,-0.2,0.0,0.2,0.2,0.15093387906413136,0,0.0,0.41111111111111115,-0.7999999999999998
14,L,3,0.4,4,4,0.5416666666666667,h,h2,2,0.25,0.25,0.0,0.25,-0.036611457007745804,0,0.0,0.9222222222222223,3.8000000000000007
15,L,3,0.4,4,4,0.5416666666666667,h,h2,2,0.25,0.25,0.0,0.25,-0.036611457007745804,0,0.0,0.9222222222222223,3.8000000000000007
16,R,3,0.4,4,4,0.5416666666666667,h,h2,2,0.25,0.25,0.0,0.25,-0.036611457007745804,0,0.0,0.0,-4.5
17,P,3,0.4,4,4,0.5416666666666667,h,h2,2,0.25,0.25,0.0,0.25,-0.036611457007745804,0,0.0,0.3222222222222222,-1.6000000000000005
18,P,3,0.4,4,6,0.37592592592592594,p,p3,1,0.16666666666666666,0.16666666666666666,0.0,0.16666666666666666,0.09121648469250314,0,0.0,0.3222222222222222,-1.6000000000000005
19,N,3,0.4,4,6,0.37592592592592594,p,p3,1,0.16666666666666666,0.16666666666666666,0.0,0.16666666666666666,0.09121648469250314,0,0.0,0.1111111111111111,-3.5
20,I,3,0.4,4,6,0.37592592592592594,p,p3,1,0.16666666666666666,0.16666666666666666,0.0,0.16666666666666666,0.09121648469250314,0,0.0,1.0,4.5
21,R,3,0.4,4,6,0.37592592592592594,p,p3,1,0.16666666666666666,0.16666666666666666,0.0,0.16666666666666666,0.09121648469250314,0,0.0,0.0,-4.5
22,S,3,0.4,4,6,0.37592592592592594,p,p3,1,0.16666666666666666,0.16666666666666666,0.0,0.16666666666666666,0.09121648469250314,0,0.0,0.41111111111111115,-0.7999999999999998
23,S,3,0.4,4,6,0.37592592592592594,p,p3,1,0.16666666666666666,0.16666666666666666,0.0,0.16666666666666666,0.09121648469250314,0,0.0,0.41111111111111115,-0.7999999999999998
